id,esg_type,promise_status,promise_string,verification_timeline,evidence_status,evidence_string,evidence_quality
10001,S,Yes,「工作規則」中依照,more_than_5_years,No,,N/A
10002,S,Yes,手邁向永續發展的過,more_than_5_years,No,,N/A
10003,S,Yes,物質減免 (HSF),more_than_5_years,No,,N/A
10004,S,Yes,與國內政策的推動，,more_than_5_years,No,,N/A
10005,S,Yes,議題，新加坡亞洲新,more_than_5_years,No,,N/A
10006,S,Yes,用的化學品已100%進,more_than_5_years,No,,N/A
10007,S,Yes,透過推動綠色採購管,more_than_5_years,No,,N/A
10008,S,Yes,童子賢先生公開宣誓,more_than_5_years,No,,N/A
10009,S,Yes,便利商店發生職場暴,more_than_5_years,No,,N/A
10010,S,Yes,廠區 2024 失能傷害頻,more_than_5_years,No,,N/A
10011,S,Yes,之使用效率，公司妥,more_than_5_years,No,,N/A
10012,S,Yes,供應商遵守雙方企業,more_than_5_years,No,,N/A
10013,S,Yes,電子 2024 年永續報告,more_than_5_years,No,,N/A
10014,S,Yes,再設計、低碳材料議,more_than_5_years,No,,N/A
10015,S,Yes,解決城市治理與產業,more_than_5_years,No,,N/A
10016,S,Yes,進行小規模員工敬業,more_than_5_years,No,,N/A
10017,S,Yes,於穩健經營，確保公,more_than_5_years,No,,N/A
10018,S,Yes,光投控成為一家具有,more_than_5_years,No,,N/A
10019,S,Yes,護專責單位負責督導,more_than_5_years,No,,N/A
10020,S,Yes,永續發展的承諾，明,more_than_5_years,No,,N/A
10021,S,Yes,展開溫室氣體盤查作,more_than_5_years,No,,N/A
10022,S,Yes,面對氣候環境風險外,more_than_5_years,No,,N/A
10023,S,Yes,安全工作環境，訂有,more_than_5_years,No,,N/A
10024,S,Yes,架構能夠有效執行，,more_than_5_years,No,,N/A
10025,S,Yes,、活動或服務及設施,more_than_5_years,No,,N/A
10026,S,Yes,體資訊安全，強化各,more_than_5_years,No,,N/A
10027,S,Yes,海製造城 QSMC 包含達,more_than_5_years,No,,N/A
10028,S,Yes,的重大傷病卡商品，,more_than_5_years,No,,N/A
10029,S,Yes,全球永續性標準理事,more_than_5_years,No,,N/A
10030,S,Yes,盡企業社會責任，落,more_than_5_years,No,,N/A
10031,S,Yes,造成各地環境災害，,more_than_5_years,No,,N/A
10032,S,Yes,昱半導體與瑞昱職工,more_than_5_years,No,,N/A
10033,S,Yes,險對本行據點資產之,more_than_5_years,No,,N/A
10034,S,Yes,之網路通訊產業並非,more_than_5_years,No,,N/A
10035,S,Yes,超然之精神執行稽核,more_than_5_years,No,,N/A
10036,S,Yes,事會報告    - 陳報本公,more_than_5_years,No,,N/A
10037,S,Yes,司治理內部控制機制,more_than_5_years,No,,N/A
10038,S,Yes,年溫室氣體排放量業,more_than_5_years,No,,N/A
10039,S,Yes,續提升能源效率外，,more_than_5_years,No,,N/A
10040,S,Yes,台灣」社會影響力。,more_than_5_years,No,,N/A
10041,S,Yes,明貨櫃場安全實績    協,more_than_5_years,No,,N/A
10042,S,Yes,所帶來的挑戰，長榮,more_than_5_years,No,,N/A
10043,S,Yes,/B、505A、Hami Video,more_than_5_years,No,,N/A
10044,S,Yes,險管理框架，由氣候,more_than_5_years,No,,N/A
10045,S,Yes,已使用於表彰企業之,more_than_5_years,No,,N/A
10046,S,Yes,室氣體排放費用開徵,more_than_5_years,No,,N/A
10047,S,Yes,2020 年起重啟啟動量產,more_than_5_years,No,,N/A
10048,S,Yes,構影響力，協同供應,more_than_5_years,No,,N/A
10049,S,Yes,司治理、風險管理與,more_than_5_years,No,,N/A
10050,S,Yes,發布新版「永續策略,more_than_5_years,No,,N/A
10051,S,Yes,個獲得美國FDA核准，,more_than_5_years,No,,N/A
10052,S,Yes,使用所排放之溫室氣,more_than_5_years,No,,N/A
10053,S,Yes,畫II「Safety Guardian,more_than_5_years,No,,N/A
10054,S,Yes,為全球能源轉型重要,more_than_5_years,No,,N/A
10055,S,Yes,金投入綠色或社會效,more_than_5_years,No,,N/A
10056,S,Yes,航運所有水泥船皆優,more_than_5_years,No,,N/A
10057,S,Yes,以 360 度全方位視角推,more_than_5_years,No,,N/A
10058,S,Yes,工投產時即成立能源,more_than_5_years,No,,N/A
10059,S,Yes,，本行臺灣營運據點,more_than_5_years,No,,N/A
10060,S,Yes,事共11席，包含7位,more_than_5_years,No,,N/A
10061,S,Yes,行運動會與員工旅遊,more_than_5_years,No,,N/A
10062,S,Yes,產品及其包裝所使用,more_than_5_years,No,,N/A
10063,S,Yes,提升身心障礙及外籍,more_than_5_years,No,,N/A
10064,S,Yes,擇綠色永續原物料，,more_than_5_years,No,,N/A
10065,S,Yes,TDDM 方法學，每年依,more_than_5_years,No,,N/A
10066,S,Yes,G 永續委員會（以下,more_than_5_years,No,,N/A
10067,S,Yes,持續投入大量教育訓,more_than_5_years,No,,N/A
10068,S,Yes,對物理性、化學性、,more_than_5_years,No,,N/A
10069,S,Yes,農業或永續農業生產,more_than_5_years,No,,N/A
10070,S,Yes,廠務工程單位持續與,more_than_5_years,No,,N/A
10071,S,Yes,技電信公司，我們體,more_than_5_years,No,,N/A
10072,S,Yes,能案場  加入「富邦能,more_than_5_years,No,,N/A
10073,S,Yes,重程度：依財產損失,more_than_5_years,No,,N/A
10074,S,Yes,交通運具 (含電動車,more_than_5_years,No,,N/A
10075,S,Yes,維持ISO/IEC 27001「,more_than_5_years,No,,N/A
10076,S,Yes,應全球自然目標 (Global,more_than_5_years,No,,N/A
10077,S,Yes,管理範疇包含壽險、,more_than_5_years,No,,N/A
10078,S,Yes,作業：總經理室、駐,more_than_5_years,No,,N/A
10079,S,Yes,制定「保護生物多樣,more_than_5_years,No,,N/A
10080,S,Yes,遷所帶來的風險與機,more_than_5_years,No,,N/A
10081,S,Yes,永續發展示範園區致,more_than_5_years,No,,N/A
10082,S,Yes,，避免發生貪腐事件,more_than_5_years,No,,N/A
10083,S,Yes,年)：為掌握數位金,more_than_5_years,No,,N/A
10084,S,Yes,新、潔淨與節能的解,more_than_5_years,No,,N/A
10085,S,Yes,目標：鴻海承諾到2050,more_than_5_years,No,,N/A
10086,S,Yes,永續採購指南系統建,more_than_5_years,No,,N/A
10087,S,Yes,碳相關意識，2024年,more_than_5_years,No,,N/A
10088,S,Yes,、誠信經營的企業經,more_than_5_years,No,,N/A
10089,S,Yes,擔衝擊，進而達到資,more_than_5_years,No,,N/A
10090,S,Yes,業精神與經營理念，,more_than_5_years,No,,N/A
10091,S,Yes,權風險評估結果，訂,more_than_5_years,No,,N/A
10092,S,Yes,子弟獎助學金    活動簡,more_than_5_years,No,,N/A
10093,S,Yes,題外，2024 年報告書,more_than_5_years,No,,N/A
10094,S,Yes,元合作  引進 IAI 技術,more_than_5_years,No,,N/A
10095,S,Yes,維護誠信的企業文化,more_than_5_years,No,,N/A
10096,S,Yes,年起設置「資訊安全,more_than_5_years,No,,N/A
10097,S,Yes,9年獲台灣企業永續,more_than_5_years,No,,N/A
10098,S,Yes,合國開發計劃署提出,more_than_5_years,No,,N/A
10099,S,Yes,系統於 2018 年 12 月 3 日,more_than_5_years,No,,N/A
10100,S,Yes,人所關切之重大人權,more_than_5_years,No,,N/A
10101,S,Yes,應鏈管理的全面性與,more_than_5_years,No,,N/A
10102,S,Yes,層及一般員工在洗錢,more_than_5_years,No,,N/A
10103,S,Yes,司成功入選「碳競爭,more_than_5_years,No,,N/A
10104,S,Yes,章程規定，選出董事,more_than_5_years,No,,N/A
10105,S,Yes,平港因應策略：建立,more_than_5_years,No,,N/A
10106,S,Yes,基物質 (Per / Poly,more_than_5_years,No,,N/A
10107,S,Yes,2026-2030 年目標    樂在,more_than_5_years,No,,N/A
10108,S,Yes,子的重要資產，而健,more_than_5_years,No,,N/A
10109,S,Yes,小組對主要合格供應,more_than_5_years,No,,N/A
10110,S,Yes,人士打造友善、便利,more_than_5_years,No,,N/A
10111,S,Yes,除公司攜手職工福利,more_than_5_years,No,,N/A
10112,S,Yes,意見表達與交流，設,more_than_5_years,No,,N/A
10113,S,Yes,議題的管理，是企業,more_than_5_years,No,,N/A
10114,S,Yes,1 環安衛管理系統，,more_than_5_years,No,,N/A
10115,S,Yes,安全的關注已成為社,more_than_5_years,No,,N/A
10116,S,Yes,動員工穩定留任政策,more_than_5_years,No,,N/A
10117,S,Yes,年，至 2030 年範疇一 +,more_than_5_years,No,,N/A
10118,S,Yes,團隊——廣太綠能，,more_than_5_years,No,,N/A
10119,S,Yes,體員工都能獲得最完,more_than_5_years,No,,N/A
10120,S,Yes,公司之企業核心價值,more_than_5_years,No,,N/A
10121,S,Yes,重視稅務治理，我們,more_than_5_years,No,,N/A
10122,S,Yes,《巴黎協定》及各國,more_than_5_years,No,,N/A
10123,S,Yes,評估，在 RCP8.5,more_than_5_years,No,,N/A
10124,S,Yes,為遠傳電信重大議題,more_than_5_years,No,,N/A
10125,S,Yes,地球上最大的水域生,more_than_5_years,No,,N/A
10126,S,Yes,深入參與各項社會公,more_than_5_years,No,,N/A
10127,S,Yes,喘息學院課程 ( 含實,more_than_5_years,No,,N/A
10128,S,Yes,上市櫃公司之經營企,more_than_5_years,No,,N/A
10129,S,Yes,定期舉辦「違法零容,more_than_5_years,No,,N/A
10130,S,Yes,員性別比例相近，內,more_than_5_years,No,,N/A
10131,S,Yes,益蓬勃的趨勢下，金,more_than_5_years,No,,N/A
10132,S,Yes,參與低碳投資登入平,more_than_5_years,No,,N/A
10133,S,Yes,織邊界涵蓋國泰金控,more_than_5_years,No,,N/A
10134,S,Yes,起於「給付預告通知,more_than_5_years,No,,N/A
10135,S,Yes,是瑞昱持續精進的核,more_than_5_years,No,,N/A
10136,S,Yes,年溫室氣體、再生能,more_than_5_years,No,,N/A
10137,S,Yes,人員每年定期施作績,more_than_5_years,No,,N/A
10138,S,Yes,動科技創新與人才培,more_than_5_years,No,,N/A
10139,S,Yes,法新法施行前，本公,more_than_5_years,No,,N/A
10140,S,Yes,度起，研華秉持 ESG,more_than_5_years,No,,N/A
10141,S,Yes,合電信核心技術及固,more_than_5_years,No,,N/A
10142,S,Yes,據台灣證券交易所金,more_than_5_years,No,,N/A
10143,S,Yes,遷管理效能，並強化,more_than_5_years,No,,N/A
10144,S,Yes,，電源與散熱技術一,more_than_5_years,No,,N/A
10145,S,Yes,理與散熱管理解決方,more_than_5_years,No,,N/A
10146,S,Yes,作業的國際最佳實務,more_than_5_years,No,,N/A
10147,S,Yes,NBD) 是台達未來成,more_than_5_years,No,,N/A
10148,S,Yes,的工業電腦與物聯網,more_than_5_years,No,,N/A
10149,S,Yes,「全民懂保險」願景,more_than_5_years,No,,N/A
10150,S,Yes,各市場的基礎建設和,more_than_5_years,No,,N/A
10151,S,Yes,緊急應變管理程序》,more_than_5_years,No,,N/A
10152,S,Yes,通載具電動化倡議),more_than_5_years,No,,N/A
10153,S,Yes,養老」貸款核准額度,more_than_5_years,No,,N/A
10154,S,Yes,升員工的綜合能力並,more_than_5_years,No,,N/A
10155,S,Yes,料中心成果與目標    目,more_than_5_years,No,,N/A
10156,S,Yes,國際航空運輸協會(,more_than_5_years,No,,N/A
10157,S,Yes,循勞動基準法及勞工,more_than_5_years,No,,N/A
10158,S,Yes,險多重交織的時代，,more_than_5_years,No,,N/A
10159,S,Yes,對於改善空氣品質日,more_than_5_years,No,,N/A
10160,S,Yes,物料不使用有害物質,more_than_5_years,No,,N/A
10161,S,Yes,主題，凱基金控評估,more_than_5_years,No,,N/A
10162,S,Yes,全衛生單位 2024 年辦,more_than_5_years,No,,N/A
10163,S,Yes,階團隊的共通需求，,more_than_5_years,No,,N/A
10164,S,Yes,資源投入永續供應鏈,more_than_5_years,No,,N/A
10165,S,Yes,包含資通訊基礎設施,more_than_5_years,No,,N/A
10166,S,Yes,別出14項關鍵、7項,more_than_5_years,No,,N/A
10167,S,Yes,租賃公司82名員工，,more_than_5_years,No,,N/A
10168,S,Yes,的極端氣候事件、各,more_than_5_years,No,,N/A
10169,S,Yes,界發生租賃廠房屋頂,more_than_5_years,No,,N/A
10170,S,Yes,維、整合研發、降低,more_than_5_years,No,,N/A
10171,S,Yes,定期檢視研發進度及,more_than_5_years,No,,N/A
10172,S,Yes,職安衛人員的殊榮，,more_than_5_years,No,,N/A
10173,S,Yes,規劃面，除了安排內,more_than_5_years,No,,N/A
10174,S,Yes,於企業理念的核心，,more_than_5_years,No,,N/A
10175,S,Yes,、永續」是經營的核,more_than_5_years,No,,N/A
10176,S,Yes,候變遷挑戰與利害關,more_than_5_years,No,,N/A
10177,S,Yes,保 節能 愛地球」的經,more_than_5_years,No,,N/A
10178,S,Yes,100、2040年達RE100、,more_than_5_years,No,,N/A
10179,S,Yes,、實踐永續承諾是本,more_than_5_years,No,,N/A
10180,S,Yes,弱勢族群，設置無障,more_than_5_years,No,,N/A
10181,S,Yes,數位金融技能，除了,more_than_5_years,No,,N/A
10182,S,Yes,公司治理實務守則」,more_than_5_years,No,,N/A
10183,S,Yes,年宣告加入 RE100 國際,more_than_5_years,No,,N/A
10184,S,Yes,種類眾多，將分階段,more_than_5_years,No,,N/A
10185,S,Yes,外部創新，自 2010 年起,more_than_5_years,No,,N/A
10186,S,Yes,據環境政策執行環境,more_than_5_years,No,,N/A
10187,S,Yes,善的端到端資訊管理,more_than_5_years,No,,N/A
10188,S,Yes,邦人壽將持續以「正,more_than_5_years,No,,N/A
10189,S,Yes,艙/桂冠艙/商務艙,more_than_5_years,No,,N/A
10190,S,Yes,資本額 50~100 億元之,more_than_5_years,No,,N/A
10191,S,Yes,起，合庫銀行認養新,more_than_5_years,No,,N/A
10192,S,Yes,台灣最大房東，積極,more_than_5_years,No,,N/A
10193,S,Yes,業災害發生之機率，,more_than_5_years,No,,N/A
10194,S,Yes,及推動內外部氣候變,more_than_5_years,No,,N/A
10195,S,Yes,暖與感恩的季節，聯,more_than_5_years,No,,N/A
10196,S,Yes,科技在生產運營過程,more_than_5_years,No,,N/A
10197,S,Yes,淨零轉型，落實綠色,more_than_5_years,No,,N/A
10198,S,Yes,布的《2024 全球投資,more_than_5_years,No,,N/A
10199,S,Yes,管理政策，合庫督促,more_than_5_years,No,,N/A
10200,S,Yes,立「企業資訊安全委,more_than_5_years,No,,N/A
10201,S,Yes,會於2013年成立，依法,more_than_5_years,No,,N/A
10202,S,Yes,元共融 ) 趨勢，女性,more_than_5_years,No,,N/A
10203,S,Yes,與多所大專院校及,more_than_5_years,No,,N/A
10204,S,Yes,產品碳足跡計算系統,more_than_5_years,No,,N/A
10205,S,Yes,，我們長期與財團法,more_than_5_years,No,,N/A
10206,S,Yes,每年定期將各子公司,more_than_5_years,No,,N/A
10207,S,Yes,銀行不僅參與指標性,more_than_5_years,No,,N/A
10208,S,Yes,已成全球共識，本公,more_than_5_years,No,,N/A
10209,S,Yes,續兩年有交易之供應,more_than_5_years,No,,N/A
10210,S,Yes,編撰並每年發行永續,more_than_5_years,No,,N/A
10211,S,Yes,管理辦法》執行。國,more_than_5_years,No,,N/A
10212,S,Yes,獻，系統化拆解關鍵,more_than_5_years,No,,N/A
10213,S,Yes,動的全球市場與技術,more_than_5_years,No,,N/A
10214,S,Yes,雙重重大性」（衝擊,more_than_5_years,No,,N/A
10215,S,Yes,永續發展委員會：督,more_than_5_years,No,,N/A
10216,S,Yes,因為巴拿馬運河限航,more_than_5_years,No,,N/A
10217,S,Yes,合作夥伴關係中，供,more_than_5_years,No,,N/A
10218,S,Yes,進行年度採購分析，,more_than_5_years,No,,N/A
10219,S,Yes,規，廣達於2024年底,more_than_5_years,No,,N/A
10220,S,Yes,風險並進行管理，統,more_than_5_years,No,,N/A
10221,S,Yes,盟Next Generation EU計畫,more_than_5_years,No,,N/A
10222,S,Yes,在研華內部的長期職,more_than_5_years,No,,N/A
10223,S,Yes,中存在限制物質之風,more_than_5_years,No,,N/A
10224,S,Yes,的身心平衡，鼓勵同,more_than_5_years,No,,N/A
10225,S,Yes,，經董事會決議，由,more_than_5_years,No,,N/A
10226,S,Yes,年啟動「原夢代表隊,more_than_5_years,No,,N/A
10227,S,Yes,有效鑑別和公平評估,more_than_5_years,No,,N/A
10228,S,Yes,業安全衛生管理系統,more_than_5_years,No,,N/A
10229,S,Yes,轉型浪潮中，富邦人,more_than_5_years,No,,N/A
10230,S,Yes,值並累積核心技術，,more_than_5_years,No,,N/A
10231,S,Yes,延長 N- 甲基吡咯烷,more_than_5_years,No,,N/A
10232,S,Yes,2023-2027 年中長期,more_than_5_years,No,,N/A
10233,S,Yes,身做起，節能減碳，,more_than_5_years,No,,N/A
10234,S,Yes,管理委員會審視公司,more_than_5_years,No,,N/A
10235,S,Yes,啟動「一車一樹」植,more_than_5_years,No,,N/A
10236,S,Yes,子的日本豐田汽車、,more_than_5_years,No,,N/A
10237,S,Yes,變遷對公司業務、策,more_than_5_years,No,,N/A
10238,S,Yes,廠區皆設置於工業園,more_than_5_years,No,,N/A
10239,S,Yes,動條件，滿足全體員,more_than_5_years,No,,N/A
10240,S,Yes,中國大陸水泥廠：取,more_than_5_years,No,,N/A
10241,S,Yes,病童及其家庭成員的,more_than_5_years,No,,N/A
10242,S,Yes,創新、綠能減碳、價,more_than_5_years,No,,N/A
10243,S,Yes,工及道德管理手冊每,more_than_5_years,No,,N/A
10244,S,Yes,性及生產  a. 減少材,more_than_5_years,No,,N/A
10245,S,Yes,球各地長期經營業務,more_than_5_years,No,,N/A
10246,S,Yes,庭經濟困難及高風險,more_than_5_years,No,,N/A
10247,S,Yes,數據及資料由各部門,more_than_5_years,No,,N/A
10248,S,Yes,司之台灣子公司中租,more_than_5_years,No,,N/A
10249,S,Yes,制，攸關晶片的良率,more_than_5_years,No,,N/A
10250,S,Yes,，用獨特的創意與巧,more_than_5_years,No,,N/A
10251,S,Yes,辦公的資源，提供彈,more_than_5_years,No,,N/A
10252,S,Yes,快速的售後維修服務,more_than_5_years,No,,N/A
10253,S,Yes,關係人建立相應之議,more_than_5_years,No,,N/A
10254,S,Yes,治理守則」規定董事,more_than_5_years,No,,N/A
10255,S,Yes,1:2018職業安全衛生,more_than_5_years,No,,N/A
10256,E,Yes,再生能源發電總裝置,more_than_5_years,No,,N/A
10257,S,Yes,理方面，台泥透過明,more_than_5_years,No,,N/A
10258,S,Yes,應鏈對本行營運之影,more_than_5_years,No,,N/A
10259,S,Yes,資訊安全、隱私、區,more_than_5_years,No,,N/A
10260,S,Yes,發展    依據公司企業經,more_than_5_years,No,,N/A
10261,S,Yes,對衝突礦產把關與扼,more_than_5_years,No,,N/A
10262,S,Yes,應商問卷調查自然相,more_than_5_years,No,,N/A
10263,S,Yes,離岸風電案場 之本國,more_than_5_years,No,,N/A
10264,S,Yes,列信用卡及金融卡改,more_than_5_years,No,,N/A
10265,S,Yes,癌、持久不分解和易,more_than_5_years,No,,N/A
10266,S,Yes,向永續經營的關鍵，,more_than_5_years,No,,N/A
10267,S,Yes,財團法人緯穎永續基,more_than_5_years,No,,N/A
10268,S,Yes,臨氣候變遷和環境挑,more_than_5_years,No,,N/A
10269,S,Yes,動包裝材料創新與減,more_than_5_years,No,,N/A
10270,S,Yes,大性 ( 財務重大性與,more_than_5_years,No,,N/A
10271,S,Yes,訊安全管理的三大原,more_than_5_years,No,,N/A
10272,S,Yes,時同時考慮字面文義,more_than_5_years,No,,N/A
10273,S,Yes,一超商極為重視之經,more_than_5_years,No,,N/A
10274,S,Yes,新對人類生活各層面,more_than_5_years,No,,N/A
10275,S,Yes,極參與工作並提升船,more_than_5_years,No,,N/A
10276,S,Yes,可24小時運行的特性,more_than_5_years,No,,N/A
10277,S,Yes,"再生資源利用中心,",more_than_5_years,No,,N/A
10278,S,Yes,綠色產品研發設計、,more_than_5_years,No,,N/A
10279,S,Yes,的風險，台灣大哥大,more_than_5_years,No,,N/A
10280,S,Yes,自然共感」為核心理,more_than_5_years,No,,N/A
10281,S,Yes,準則 (GRI Standards) 之,more_than_5_years,No,,N/A
10282,S,Yes,釋放數位能量，點燃,more_than_5_years,No,,N/A
10283,S,Yes,中租能源公司，為驅,more_than_5_years,No,,N/A
10284,S,Yes,展之訓練需求，本行,more_than_5_years,No,,N/A
10285,S,Yes,能源管理為光寶企業,more_than_5_years,No,,N/A
10286,S,Yes,通過國際氣候變遷權,more_than_5_years,No,,N/A
10287,S,Yes,物料的開發    CCL 產業,more_than_5_years,No,,N/A
10288,S,Yes,依據衝擊顯著性門檻,more_than_5_years,No,,N/A
10289,S,Yes,每日放流水量為 4.,more_than_5_years,No,,N/A
10290,S,Yes,成為企業長期競爭力,more_than_5_years,No,,N/A
10291,S,Yes,4 年永續報告書) 為,more_than_5_years,No,,N/A
10292,S,Yes,略，除透過大數據分,more_than_5_years,No,,N/A
10293,S,Yes,理架構精神，透過內,more_than_5_years,No,,N/A
10294,S,Yes,鏈相關作業人員(業,more_than_5_years,No,,N/A
10295,S,Yes,永續管理績效，緯穎,more_than_5_years,No,,N/A
10296,S,Yes,快速發展，市場需求,more_than_5_years,No,,N/A
10297,S,Yes,資源珍貴，合庫銀行,more_than_5_years,No,,N/A
10298,S,Yes,員工自我成長與職涯,more_than_5_years,No,,N/A
10299,S,Yes,高階管理層之薪酬，,more_than_5_years,No,,N/A
10300,S,Yes,金會自民國 109 年起舉,more_than_5_years,No,,N/A
10301,S,Yes,造幸福企業為最高宗,more_than_5_years,No,,N/A
10302,S,Yes,D 四個等級。若供應,more_than_5_years,No,,N/A
10303,S,Yes,形塑企業文化的基石,more_than_5_years,No,,N/A
10304,S,Yes,通過 SBTi 審核之科學,more_than_5_years,No,,N/A
10305,S,Yes,修部門自 2022 年以來一,more_than_5_years,No,,N/A
10306,S,Yes,侵害對企業營運產生,more_than_5_years,No,,N/A
10307,S,Yes,風險管理及監督作業,more_than_5_years,No,,N/A
10308,S,Yes,與實踐，緯創深刻體,more_than_5_years,No,,N/A
10309,S,Yes,務需求提供不同位階,more_than_5_years,No,,N/A
10310,S,Yes,善且不中斷的服務，,more_than_5_years,No,,N/A
10311,S,Yes,策略合作，並降低製,more_than_5_years,No,,N/A
10312,S,Yes,氣候變遷專門委員會,more_than_5_years,No,,N/A
10313,S,Yes,運據點之實際狀況規,more_than_5_years,No,,N/A
10314,S,Yes,需求持續增加，本公,more_than_5_years,No,,N/A
10315,S,Yes,家扶中心「智邦助學,more_than_5_years,No,,N/A
10316,S,Yes,業服務，並安定退休,more_than_5_years,No,,N/A
10317,S,Yes,化作法展開生物多樣,more_than_5_years,No,,N/A
10318,S,Yes,：績效評核有助於健,more_than_5_years,No,,N/A
10319,S,Yes,應減塑趨勢、回應外,more_than_5_years,No,,N/A
10320,S,Yes,"續潮流, 金融監督管",more_than_5_years,No,,N/A
10321,S,Yes,候風險與機會密不可,more_than_5_years,No,,N/A
10322,S,Yes,展，固體廢棄物污染,more_than_5_years,No,,N/A
10323,S,Yes,傳整體接班梯隊計畫,more_than_5_years,No,,N/A
10324,S,Yes,時掌握法令變動，並,more_than_5_years,No,,N/A
10325,S,Yes,樹木、百年樹人的理,more_than_5_years,No,,N/A
10326,S,Yes,礙人士更優質且便利,more_than_5_years,No,,N/A
10327,S,Yes,與新聞報導持續萎縮,more_than_5_years,No,,N/A
10328,S,Yes,公開賽創下里程碑，,more_than_5_years,No,,N/A
10329,S,Yes,然眼睛看不見，但卻,more_than_5_years,No,,N/A
10330,S,Yes,團員工公傷率為 3.,more_than_5_years,No,,N/A
10331,S,Yes,營之企業文化，國泰,more_than_5_years,No,,N/A
10332,S,Yes,冬及霪雨影響，產量,more_than_5_years,No,,N/A
10333,S,Yes,料外洩且提升個資侵,more_than_5_years,No,,N/A
10334,S,Yes,氣及氣候行動失敗皆,more_than_5_years,No,,N/A
10335,S,Yes,MLCC 利基型產品的市,more_than_5_years,No,,N/A
10336,S,Yes,伴持續地投入於環境,more_than_5_years,No,,N/A
10337,S,Yes,重大職業安全衛生風,more_than_5_years,No,,N/A
10338,S,Yes,溝通並致力於提供主,more_than_5_years,No,,N/A
10339,S,Yes,對於公司治理及企業,more_than_5_years,No,,N/A
10340,S,Yes,經取得多項品質管理,more_than_5_years,No,,N/A
10341,S,Yes,達成 50% 再生能源佔,more_than_5_years,No,,N/A
10342,S,Yes,，3 種情境之平均損,more_than_5_years,No,,N/A
10343,S,Yes,業投身公益活動就是,more_than_5_years,No,,N/A
10344,S,Yes,已間接改變水循環和,more_than_5_years,No,,N/A
10345,S,Yes,高齡化社會及少子化,more_than_5_years,No,,N/A
10346,S,Yes,全衛生關注度，增加,more_than_5_years,No,,N/A
10347,S,Yes,傳最新消息及員工優,more_than_5_years,No,,N/A
10348,S,Yes,以促進 ESG 發展為目,more_than_5_years,No,,N/A
10349,S,Yes,融科技的技術應用，,more_than_5_years,No,,N/A
10350,S,Yes,處 ) 亦每 2 ~ 3 個月,more_than_5_years,No,,N/A
10351,S,Yes,起要求供應商每年填,more_than_5_years,No,,N/A
10352,S,Yes,證股份有限公司 ( 以,more_than_5_years,No,,N/A
10353,S,Yes,之客戶申訴與爭議案,more_than_5_years,No,,N/A
10354,S,Yes,ploring Natural Capital Opportuniti,more_than_5_years,No,,N/A
10355,S,Yes,一確認 17 項重大議題,more_than_5_years,No,,N/A
10356,E,Yes,波 ) 公司也致力於廢,more_than_5_years,No,,N/A
10357,S,Yes,控主導之人權盡職調,more_than_5_years,No,,N/A
10358,S,Yes,才加入及激勵績優員,more_than_5_years,No,,N/A
10359,S,Yes,礦產管理流程中，需,more_than_5_years,No,,N/A
10360,S,Yes,台積公司推動永續文,more_than_5_years,No,,N/A
10361,S,Yes,和出差費用申請，補,more_than_5_years,No,,N/A
10362,S,Yes,、2、3在 2050年達成,more_than_5_years,No,,N/A
10363,S,Yes,屬於鋼鐵工業，主要,more_than_5_years,No,,N/A
10364,S,Yes,點推動2050年再生電力,more_than_5_years,No,,N/A
10365,S,Yes,保障保戶資料安全，,more_than_5_years,No,,N/A
10366,S,Yes,人才全球化趨勢，將,more_than_5_years,No,,N/A
10367,S,Yes,遷對金融體系造成的,more_than_5_years,No,,N/A
10368,S,Yes,、審計委員會及薪資,more_than_5_years,No,,N/A
10369,S,Yes,應商永續管理及 ESG,more_than_5_years,No,,N/A
10370,S,Yes,使用對環境與社會的,more_than_5_years,No,,N/A
10371,S,Yes,各永續議題之正、負,more_than_5_years,No,,N/A
10372,S,Yes,推動節能減碳的可行,more_than_5_years,No,,N/A
10373,S,Yes,為全世界帶來巨大的,more_than_5_years,No,,N/A
10374,S,Yes,公司治理的精神進行,more_than_5_years,No,,N/A
10375,S,Yes,起未申請電子保單之,more_than_5_years,No,,N/A
10376,E,Yes,永續、綠色生活」為,more_than_5_years,No,,N/A
10377,S,Yes,業據點 2022 年取得衛福,more_than_5_years,No,,N/A
10378,S,Yes,主要來自直接人員（,more_than_5_years,No,,N/A
10379,S,Yes,併購案件之策略評估,more_than_5_years,No,,N/A
10380,S,Yes,們將持續擁抱 AI 與永,more_than_5_years,No,,N/A
10381,S,Yes,內部教育訓練人數 83,more_than_5_years,No,,N/A
10382,S,Yes,成熟度結果為基礎，,more_than_5_years,No,,N/A
10383,S,Yes,人說明會及超過 200 場,more_than_5_years,No,,N/A
10384,S,Yes,風險管理的方法論，,more_than_5_years,No,,N/A
10385,S,Yes,制規範    因應全球環保,more_than_5_years,No,,N/A
10386,S,Yes,人工智慧及雲原生技,more_than_5_years,No,,N/A
10387,S,Yes,標準暨技術研究院 (,more_than_5_years,No,,N/A
10388,S,Yes,及評估各廠處於營運,more_than_5_years,No,,N/A
10389,S,Yes,場人權訂定「員工意,more_than_5_years,No,,N/A
10390,S,Yes,成員皆得以高度自律,more_than_5_years,No,,N/A
10391,S,Yes,2024 年為「生物多樣,more_than_5_years,No,,N/A
10392,S,Yes,於公開透明的資訊揭,more_than_5_years,No,,N/A
10393,S,Yes,「取之於社會，用之,more_than_5_years,No,,N/A
10394,S,Yes,協定將升溫幅度控制,more_than_5_years,No,,N/A
10395,S,Yes,事會職能，精進董事,more_than_5_years,No,,N/A
10396,S,Yes,仁適用相同的薪資制,more_than_5_years,No,,N/A
10397,S,Yes,全與健康，致力於提,more_than_5_years,No,,N/A
10398,S,Yes,結構劇烈變遷與科技,more_than_5_years,No,,N/A
10399,S,Yes,類協會，定期向主管,more_than_5_years,No,,N/A
10400,S,Yes,持續推動多項綠色融,more_than_5_years,No,,N/A
10401,S,Yes,入鄰近中壢廠的黃墘,more_than_5_years,No,,N/A
10402,S,Yes,所帶來的網路威脅與,more_than_5_years,No,,N/A
10403,S,Yes,的永續績效，緯創針,more_than_5_years,No,,N/A
10404,S,Yes,4 優質教育」、「SD,more_than_5_years,No,,N/A
10405,S,Yes,哺乳動物的一種，台,more_than_5_years,No,,N/A
10406,S,Yes,業的精神，透過多元,more_than_5_years,No,,N/A
10407,S,Yes,具競爭力的薪酬福利,more_than_5_years,No,,N/A
10408,S,Yes,應與貢獻度，研華於,more_than_5_years,No,,N/A
10409,S,Yes,日益嚴重，發展再生,more_than_5_years,No,,N/A
10410,S,Yes,務曝險或損失持審慎,more_than_5_years,No,,N/A
10411,S,Yes,國經營方針下，聯電,more_than_5_years,No,,N/A
10412,S,Yes,交易所「上市公司編,more_than_5_years,No,,N/A
10413,S,Yes,變遷帶來的風險，把,more_than_5_years,No,,N/A
10414,S,Yes,險治理，2018 年 11 月設,more_than_5_years,No,,N/A
10415,S,Yes,鏈實踐循環經濟，為,more_than_5_years,No,,N/A
10416,S,Yes,身核心能力出發，應,more_than_5_years,No,,N/A
10417,S,Yes,定職業安全衛生行動,more_than_5_years,No,,N/A
10418,S,Yes,極參與 Brno 市的永續,more_than_5_years,No,,N/A
10419,S,Yes,展策略，秉持著「利,more_than_5_years,No,,N/A
10420,S,Yes,大主題，經由經營層,more_than_5_years,No,,N/A
10421,S,Yes,來迄今所面臨之總體,more_than_5_years,No,,N/A
10422,S,Yes,入侵防禦系統 (Indu,more_than_5_years,No,,N/A
10423,S,Yes,泥綠能，積極發展多,more_than_5_years,No,,N/A
10424,S,Yes,中心，和平廠與部落,more_than_5_years,No,,N/A
10425,S,Yes,與服務擴及全球範圍,more_than_5_years,No,,N/A
10426,S,Yes,質管理流程  議合  包容,more_than_5_years,No,,N/A
10427,S,Yes,灣生育率持續下降，,more_than_5_years,No,,N/A
10428,S,Yes,人發展規劃 (IDP),more_than_5_years,No,,N/A
10429,S,Yes,"業總取水量為 4,59",more_than_5_years,No,,N/A
10430,S,Yes,公司成立時即與國際,more_than_5_years,No,,N/A
10431,S,Yes,續供應鏈、綠色創新,more_than_5_years,No,,N/A
10432,S,Yes,"人放款約 73,574 件",more_than_5_years,No,,N/A
10433,S,Yes,益及協調勞資合作，,more_than_5_years,No,,N/A
10434,S,Yes,首次完成前一年度之,more_than_5_years,No,,N/A
10435,S,Yes,理風險** | 本公司,more_than_5_years,No,,N/A
10436,S,Yes,技術方面，本公司持,more_than_5_years,No,,N/A
10437,S,Yes,減少溫室氣體排放量,more_than_5_years,No,,N/A
10438,S,Yes,則」訓練為全員必修,more_than_5_years,No,,N/A
10439,S,Yes,年開始辦理「北斗、,more_than_5_years,No,,N/A
10440,S,Yes,體性風險治理目標，,more_than_5_years,No,,N/A
10441,E,Yes,依循本集團 SBT 減碳,more_than_5_years,No,,N/A
10442,S,Yes,人與人的交流，透過,more_than_5_years,No,,N/A
10443,S,Yes,人壽、國泰世華銀行,more_than_5_years,No,,N/A
10444,S,Yes,高值化及差別化之新,more_than_5_years,No,,N/A
10445,S,Yes,認自身有違反誠信經,more_than_5_years,No,,N/A
10446,S,Yes,GRI 準則 2021 年版，建,more_than_5_years,No,,N/A
10447,S,Yes,促發疾病預防：制定,more_than_5_years,No,,N/A
10448,S,Yes,啟動 CST (Corporate Structure,more_than_5_years,No,,N/A
10449,S,Yes,管理功能及選任機制,more_than_5_years,No,,N/A
10450,S,Yes,土優秀跑者挑戰佳績,more_than_5_years,No,,N/A
10451,S,Yes,皆會公告於環境部環,more_than_5_years,No,,N/A
10452,S,Yes,成功公司146名企業志,more_than_5_years,No,,N/A
10453,S,Yes,重大性評估問卷，台,more_than_5_years,No,,N/A
10454,S,Yes,業界，已於 2025 年 3 月,more_than_5_years,No,,N/A
10455,S,Yes,伴關係方面，計畫與,more_than_5_years,No,,N/A
10456,S,Yes,會績效評估之執行，,more_than_5_years,No,,N/A
10457,S,Yes,略委員會 | 研議華南,more_than_5_years,No,,N/A
10458,S,Yes,子公司及廠區皆建立,more_than_5_years,No,,N/A
10459,S,Yes,際倡議接軌，於 2021 年,more_than_5_years,No,,N/A
10460,S,Yes,業安全衛生管理系統,more_than_5_years,No,,N/A
10461,S,Yes,：本行每年進行 ISO 5000,more_than_5_years,No,,N/A
10462,S,Yes,議運用轉型、實體二,more_than_5_years,No,,N/A
10463,S,Yes,於 2009 年首創「職棒球,more_than_5_years,No,,N/A
10464,S,Yes,服務產業，主要的能,more_than_5_years,No,,N/A
10465,S,Yes,深切的關懷，體現在,more_than_5_years,No,,N/A
10466,S,Yes,WYMY) 為第一個取,more_than_5_years,No,,N/A
10467,S,Yes,年失能傷害頻率為 0,more_than_5_years,No,,N/A
10468,S,Yes,支持政府推動都市更,more_than_5_years,No,,N/A
10469,S,Yes,階經理人、傑出關鍵,more_than_5_years,No,,N/A
10470,S,Yes,運送能安全地送達世,more_than_5_years,No,,N/A
10471,S,Yes,海運最高決策中心及,more_than_5_years,No,,N/A
10472,S,Yes,據點亦持續依據當地,more_than_5_years,No,,N/A
10473,S,Yes,2050 年環境願景的 6 大,more_than_5_years,No,,N/A
10474,S,Yes,健康檢查異常分析、,more_than_5_years,No,,N/A
10475,S,Yes,著節能減排達成環境,more_than_5_years,No,,N/A
10476,S,Yes,風險分為「轉型風險,more_than_5_years,No,,N/A
10477,S,Yes,理資訊安全風險之目,more_than_5_years,No,,N/A
10478,S,Yes,起優化客戶臨櫃的「,more_than_5_years,No,,N/A
10479,S,Yes,國 109 年加入 RE100，推,more_than_5_years,No,,N/A
10480,S,Yes,金會支持青少年表演,more_than_5_years,No,,N/A
10481,S,Yes,用評等機構發布之信,more_than_5_years,No,,N/A
10482,S,Yes,方位的人身風險保障,more_than_5_years,No,,N/A
10483,S,Yes,不道德礦產之風險  •,more_than_5_years,No,,N/A
10484,S,Yes,動可持續發展，積極,more_than_5_years,No,,N/A
10485,S,Yes,重大資安情事，而202,more_than_5_years,No,,N/A
10486,S,Yes,所有重要營運據點進,more_than_5_years,No,,N/A
10487,S,Yes,實資訊安全管理，確,more_than_5_years,No,,N/A
10488,S,Yes,能源使用效率，在能,more_than_5_years,No,,N/A
10489,S,Yes,產據點能源使用以外,more_than_5_years,No,,N/A
10490,S,Yes,公平待客委員會，定,more_than_5_years,No,,N/A
10491,S,Yes,非核家園、能源轉型,more_than_5_years,No,,N/A
10492,S,Yes,並提升董事會功能，,more_than_5_years,No,,N/A
10493,S,Yes,查分析結果顯示，和,more_than_5_years,No,,N/A
10494,S,Yes,場，避免職場霸凌等,more_than_5_years,No,,N/A
10495,S,Yes,於內部推動《誠信經,more_than_5_years,No,,N/A
10496,S,Yes,響應國際趨勢，設定,more_than_5_years,No,,N/A
10497,S,Yes,合國全球盟約 UNGC,more_than_5_years,No,,N/A
10498,S,Yes,會管理    廣達建構完整,more_than_5_years,No,,N/A
10499,S,Yes,綠色產業發展，低碳,more_than_5_years,No,,N/A
10500,S,Yes,「永續金融先行者聯,more_than_5_years,No,,N/A
10501,S,Yes,參考 ISO/IEC 27005 資,more_than_5_years,No,,N/A
10502,S,Yes,一步與 ERP 資料（如 Back,more_than_5_years,No,,N/A
10503,E,Yes,空調冰水主機節能專,more_than_5_years,No,,N/A
10504,S,Yes,控2045年達成全資產,more_than_5_years,No,,N/A
10505,S,Yes,執行溫室氣體盤查，,more_than_5_years,No,,N/A
10506,S,Yes,，所有獨立董事在加,more_than_5_years,No,,N/A
10507,S,Yes,呈現統一超商在永續,more_than_5_years,No,,N/A
10508,S,Yes,前四年達成 2017 年所訂,more_than_5_years,No,,N/A
10509,S,Yes,定氣候風險胃納聲明,more_than_5_years,No,,N/A
10510,S,Yes,產出之事業廢棄物共,more_than_5_years,No,,N/A
10511,S,Yes,相關管理制度遵循、,more_than_5_years,No,,N/A
10512,S,Yes,訊系統與網路服務建,more_than_5_years,No,,N/A
10513,S,Yes,：透過所辨識之氣候,more_than_5_years,No,,N/A
10514,S,Yes,與利害關係人溝通，,more_than_5_years,No,,N/A
10515,S,Yes,生物多樣性熱點影響,more_than_5_years,No,,N/A
10516,S,Yes,「尊重生命」的企業,more_than_5_years,No,,N/A
10517,S,Yes,董事多元性，董事背,more_than_5_years,No,,N/A
10518,S,Yes,諾持續提升原料利用,more_than_5_years,No,,N/A
10519,S,Yes,階經理人的工作目標,more_than_5_years,No,,N/A
10520,S,Yes,年積極對外招募人才,more_than_5_years,No,,N/A
10521,S,Yes,子為核心技術，整合,more_than_5_years,No,,N/A
10522,S,Yes,託銀行簽訂永續發展,more_than_5_years,No,,N/A
10523,S,Yes,場變動趨勢，快速回,more_than_5_years,No,,N/A
10524,S,Yes,科技世代（含 5G、大,more_than_5_years,No,,N/A
10525,S,Yes,因地緣政治衝突及新,more_than_5_years,No,,N/A
10526,S,Yes,準則 ( IFRS ) S1、S2,more_than_5_years,No,,N/A
10527,S,Yes,資訊安全意識，於202,more_than_5_years,No,,N/A
10528,S,Yes,年與農業部林業及自,more_than_5_years,No,,N/A
10529,S,Yes,4年1月1日至2024,more_than_5_years,No,,N/A
10530,S,Yes,區為起點，台達開始,more_than_5_years,No,,N/A
10531,S,Yes,購均要求供應商須符,more_than_5_years,No,,N/A
10532,S,Yes,控永續價值鏈的觀念,more_than_5_years,No,,N/A
10533,S,Yes,政府與企業都將永續,more_than_5_years,No,,N/A
10534,S,Yes,續策略以三大主軸 -,more_than_5_years,No,,N/A
10535,S,Yes,視投資者關係管理，,more_than_5_years,No,,N/A
10536,S,Yes,客戶所需，凱基人壽,more_than_5_years,No,,N/A
10537,S,Yes,流程由永續發展中心,more_than_5_years,No,,N/A
10538,S,Yes,年台積公司加入 SEMI,more_than_5_years,No,,N/A
10539,S,Yes,全：  訂定「資訊分級,more_than_5_years,No,,N/A
10540,E,Yes,*2025 年**  * 範疇一,more_than_5_years,No,,N/A
10541,S,Yes,織內的管理機制，包,more_than_5_years,No,,N/A
10542,S,Yes,動遵循 SBTi 淨零標準,more_than_5_years,No,,N/A
10543,S,Yes,聯電「綠獎」已在全,more_than_5_years,No,,N/A
10544,S,Yes,內外多所大學密切合,more_than_5_years,No,,N/A
10545,S,Yes,營運韌性，台積公司,more_than_5_years,No,,N/A
10546,S,Yes,阻燃劑與塑化劑做出,more_than_5_years,No,,N/A
10547,S,Yes,勤正職同仁皆定期接,more_than_5_years,No,,N/A
10548,E,Yes,Ti 減碳路徑作為計算,more_than_5_years,No,,N/A
10549,S,Yes,投資轉型，聚焦高值,more_than_5_years,No,,N/A
10550,S,Yes,致力於網通產品設計,more_than_5_years,No,,N/A
10551,S,Yes,人才質量，台積公司,more_than_5_years,No,,N/A
10552,S,Yes,策略藍圖係以「企業,more_than_5_years,No,,N/A
10553,S,Yes,對性別平等與員工家,more_than_5_years,No,,N/A
10554,S,Yes,過各種管道與利害關,more_than_5_years,No,,N/A
10555,S,Yes,：各國政府和國際組,more_than_5_years,No,,N/A
10556,S,Yes,各項永續議題的影響,more_than_5_years,No,,N/A
10557,S,Yes,創新和節能，獨特性,more_than_5_years,No,,N/A
10558,S,Yes,動物攻擊事件逐漸上,more_than_5_years,No,,N/A
10559,S,Yes,4 優質教育」、「SD,more_than_5_years,No,,N/A
10560,S,Yes,導委員會」由董事會,more_than_5_years,No,,N/A
10561,S,Yes,全管理與個人資料保,more_than_5_years,No,,N/A
10562,S,Yes,4.0 的方法論，借,more_than_5_years,No,,N/A
10563,S,Yes,大門出入口、餐廳等,more_than_5_years,No,,N/A
10564,S,Yes,濟基礎是企業永續發,more_than_5_years,No,,N/A
10565,S,Yes,注員工的工作與生活,more_than_5_years,No,,N/A
10566,S,Yes,員工的家庭和健康，,more_than_5_years,No,,N/A
10567,S,Yes,持續追蹤氣候變遷對,more_than_5_years,No,,N/A
10568,S,Yes,源使用效率：以低碳,more_than_5_years,No,,N/A
10569,S,Yes,業界首創結合地理資,more_than_5_years,No,,N/A
10570,S,Yes,4 年，智邦採取以下,more_than_5_years,No,,N/A
10571,S,Yes,能源管理機制，導入,more_than_5_years,No,,N/A
10572,S,Yes,更多支持永續發展的,more_than_5_years,No,,N/A
10573,S,Yes,提供客戶 IC 委託設計,more_than_5_years,No,,N/A
10574,S,Yes,其他利害關係人的基,more_than_5_years,No,,N/A
10575,S,Yes,秉持「以人為本」的,more_than_5_years,No,,N/A
10576,S,Yes,本副董事長擔任資安,more_than_5_years,No,,N/A
10577,S,Yes,落實溫室氣體減量標,more_than_5_years,No,,N/A
10578,S,Yes,機構於全球淨零扮演,more_than_5_years,No,,N/A
10579,S,Yes,人才，提供優於法令,more_than_5_years,No,,N/A
10580,S,Yes,品質管理方面，緯創,more_than_5_years,No,,N/A
10581,S,Yes,誠信經營理念且持續,more_than_5_years,No,,N/A
10582,S,Yes,4 年 9 月正式成立「,more_than_5_years,No,,N/A
10583,S,Yes,Ltd 及 Cyland Corp 在 AS,more_than_5_years,No,,N/A
10584,S,Yes,公司重大事項享有充,more_than_5_years,No,,N/A
10585,S,Yes,戶為中心，實時響應,more_than_5_years,No,,N/A
10586,S,Yes,下設有「誠信經營委,more_than_5_years,No,,N/A
10587,S,Yes,權，除遵守台灣「勞,more_than_5_years,No,,N/A
10588,S,Yes,擴張，緯創積極訂定,more_than_5_years,No,,N/A
10589,S,Yes,鄉課輔團隊合作，由,more_than_5_years,No,,N/A
10590,S,Yes,薪酬及提升員工福利,more_than_5_years,No,,N/A
10591,S,Yes,品外，2022 年 12 月本公,more_than_5_years,No,,N/A
10592,S,Yes,金會為台灣首創之國,more_than_5_years,No,,N/A
10593,S,Yes,化 RBA 管理，要求每,more_than_5_years,No,,N/A
10594,S,Yes,研發與專利佈局相關,more_than_5_years,No,,N/A
10595,S,Yes,年定期評估前一年的,more_than_5_years,No,,N/A
10596,S,Yes,保障更到位，2022 年健,more_than_5_years,No,,N/A
10597,S,Yes,理架構涵蓋永續規範,more_than_5_years,No,,N/A
10598,S,Yes,出「URiDE」共享租,more_than_5_years,No,,N/A
10599,S,Yes,性節能減碳與積極推,more_than_5_years,No,,N/A
10600,S,Yes,用效率並降低營運過,more_than_5_years,No,,N/A
10601,S,Yes,能，是減緩氣候變遷,more_than_5_years,No,,N/A
10602,S,Yes,duct 工具可評估三種,more_than_5_years,No,,N/A
10603,S,Yes,口老化、慢性病增加,more_than_5_years,No,,N/A
10604,S,Yes,客戶感受，各子公司,more_than_5_years,No,,N/A
10605,S,Yes,命週期角度檢視廢棄,more_than_5_years,No,,N/A
10606,S,Yes,理並提升董事會功能,more_than_5_years,No,,N/A
10607,S,Yes,續關注國際環境議題,more_than_5_years,No,,N/A
10608,S,Yes,業病及職業災害之發,more_than_5_years,No,,N/A
10609,S,Yes,獨特的專業性，受國,more_than_5_years,No,,N/A
10610,S,Yes,地國家政策，台塑工,more_than_5_years,No,,N/A
10611,S,Yes,員工集會結社自由，,more_than_5_years,No,,N/A
10612,S,Yes,進行技術開發，共創,more_than_5_years,No,,N/A
10613,S,Yes,受全球關注的物質 P,more_than_5_years,No,,N/A
10614,S,Yes,促使全球企業和機構,more_than_5_years,No,,N/A
10615,S,Yes,會影響國家經濟發展,more_than_5_years,No,,N/A
10616,S,Yes,任的永續未來，台積,more_than_5_years,No,,N/A
10617,S,Yes,動永續發展，與財富,more_than_5_years,No,,N/A
10618,S,Yes,實誠信經營政策並積,more_than_5_years,No,,N/A
10619,S,Yes,常透過例行管道定期,more_than_5_years,No,,N/A
10620,S,Yes,轉型升級，將藉由研,more_than_5_years,No,,N/A
10621,S,Yes,薪資差異小，總部高,more_than_5_years,No,,N/A
10622,S,Yes,構及有效的董事會是,more_than_5_years,No,,N/A
10623,S,Yes,國內優秀的汽車修護,more_than_5_years,No,,N/A
10624,S,Yes,經濟價值 =「產生的,more_than_5_years,No,,N/A
10625,S,Yes,灣為營運總部，海外,more_than_5_years,No,,N/A
10626,S,Yes,光投控規劃購買再生,more_than_5_years,No,,N/A
10627,S,Yes,氣候轉型以識別實際,more_than_5_years,No,,N/A
10628,S,Yes,能解決方案：以本業,more_than_5_years,No,,N/A
10629,S,Yes,減碳及碳中和推動小,more_than_5_years,No,,N/A
10630,S,Yes,負責中華電信公司之,more_than_5_years,No,,N/A
10631,S,Yes,源耗用，合庫金控導,more_than_5_years,No,,N/A
10632,S,Yes,與共融，積極聘僱身,more_than_5_years,No,,N/A
10633,S,Yes,每一位員工，確實遵,more_than_5_years,No,,N/A
10634,S,Yes,3 年底受金管會邀請,more_than_5_years,No,,N/A
10635,S,Yes,的廢棄物主要為生活,more_than_5_years,No,,N/A
10636,S,Yes,體檢稽核，共投入 43,more_than_5_years,No,,N/A
10637,S,Yes,提供基礎就職訓練、,more_than_5_years,No,,N/A
10638,S,Yes,核外，也藉由食安稽,more_than_5_years,No,,N/A
10639,S,Yes,茂林國小魯凱歌謠隊,more_than_5_years,No,,N/A
10640,S,Yes,行動績效：  製程能源,more_than_5_years,No,,N/A
10641,S,Yes,賓至如歸的飛行旅程,more_than_5_years,No,,N/A
10642,S,Yes,面，緯創嚴格遵守當,more_than_5_years,No,,N/A
10643,S,Yes,迎向變局中的新契機,more_than_5_years,No,,N/A
10644,S,Yes,效評核分別以「董事,more_than_5_years,No,,N/A
10645,S,Yes,的興起，傳統金融產,more_than_5_years,No,,N/A
10646,S,Yes,影響重要性的分數以,more_than_5_years,No,,N/A
10647,S,Yes,工作權的性別平等，,more_than_5_years,No,,N/A
10648,S,Yes,展委員會定期檢視相,more_than_5_years,No,,N/A
10649,S,Yes,秉持「精研電腦、加,more_than_5_years,No,,N/A
10650,S,Yes,新竹廠與中山廠做為,more_than_5_years,No,,N/A
10651,S,Yes,業安全健康管理系統,more_than_5_years,No,,N/A
10652,S,Yes,維持 ISO 27001 資安認證,more_than_5_years,No,,N/A
10653,S,Yes,大樓於 2014 年 12 月 27 日,more_than_5_years,No,,N/A
10654,S,Yes,服務的各個開發階段,more_than_5_years,No,,N/A
10655,S,Yes,續採取穩健的股利政,more_than_5_years,No,,N/A
10656,S,Yes,再生材料的研發與應,more_than_5_years,No,,N/A
10657,S,Yes,性風險評估問卷之結,more_than_5_years,No,,N/A
10658,S,Yes,月光投控帶來複雜且,more_than_5_years,No,,N/A
10659,S,Yes,發制定本公司「永續,more_than_5_years,No,,N/A
10660,S,Yes,分別對其全體員工以,more_than_5_years,No,,N/A
10661,S,Yes,經營目標中承諾擴大,more_than_5_years,No,,N/A
10662,S,Yes,同仁免遭性騷擾之職,more_than_5_years,No,,N/A
10663,S,Yes,踐永續金融精神，已,more_than_5_years,No,,N/A
10664,S,Yes,- 碳流 - 物質流 - 成,more_than_5_years,No,,N/A
10665,S,Yes,都體現了國巨基金會,more_than_5_years,No,,N/A
10666,S,Yes,至少每季召開一次會,more_than_5_years,No,,N/A
10667,S,Yes,利害關係人所評估衝,more_than_5_years,No,,N/A
10668,S,Yes,2021 年組成「再生能源,more_than_5_years,No,,N/A
10669,S,Yes,商持續提升自身ESG,more_than_5_years,No,,N/A
10670,S,Yes,手，則是黑面琵鷺展,more_than_5_years,No,,N/A
10671,S,Yes,猖獗且手法日新月異,more_than_5_years,No,,N/A
10672,S,Yes,臺灣科普環島列車，,more_than_5_years,No,,N/A
10673,S,Yes,行與證券均成立Line官,more_than_5_years,No,,N/A
10674,S,Yes,出的重大主題訂定管,more_than_5_years,No,,N/A
10675,S,Yes,者，厚實組織板凳深,more_than_5_years,No,,N/A
10676,S,Yes,萄牙的中央實驗室正,more_than_5_years,No,,N/A
10677,S,Yes,點能資源使用情況統,more_than_5_years,No,,N/A
10678,S,Yes,車持續投入資源於「,more_than_5_years,No,,N/A
10679,S,Yes,程對所有員工、承攬,more_than_5_years,No,,N/A
10680,S,Yes,國際最佳的三層永續,more_than_5_years,No,,N/A
10681,S,Yes,一企業針對乳牛的飼,more_than_5_years,No,,N/A
10682,S,Yes,領同仁與家人前往台,more_than_5_years,No,,N/A
10683,S,Yes,務品質，合庫每年與,more_than_5_years,No,,N/A
10684,S,Yes,團與子公司授信及投,more_than_5_years,No,,N/A
10685,S,Yes,持續辦理台達研發營,more_than_5_years,No,,N/A
10686,S,Yes,為智邦永續成長的重,more_than_5_years,No,,N/A
10687,S,Yes,室氣體排放 (範疇 1,more_than_5_years,No,,N/A
10688,S,Yes,主管機關發布《內部,more_than_5_years,No,,N/A
10689,S,Yes,參與氣候行動倡議，,more_than_5_years,No,,N/A
10690,S,Yes,智能地球的推手」（,more_than_5_years,No,,N/A
10691,S,Yes,令遵循單位，負責法,more_than_5_years,No,,N/A
10692,S,Yes,上所知悉、掌管之營,more_than_5_years,No,,N/A
10693,S,Yes,之樂齡服務專線外，,more_than_5_years,No,,N/A
10694,S,Yes,及中山國中合作辦理,more_than_5_years,No,,N/A
10695,S,Yes,赤道原則及責任銀行,more_than_5_years,No,,N/A
10696,S,Yes,起導入 ISO 14064-1 溫,more_than_5_years,No,,N/A
10697,S,Yes,基層體育扎根，2024,more_than_5_years,No,,N/A
10698,S,Yes,發科技將持續以「全,more_than_5_years,No,,N/A
10699,S,Yes,高鐵辦公大樓於 2024,more_than_5_years,No,,N/A
10700,S,Yes,資訊設備效能並汰換,more_than_5_years,No,,N/A
10701,S,Yes,大部分非於製程階段,more_than_5_years,No,,N/A
10702,S,Yes,採用符合全球標準 FSCᵀᴹ,more_than_5_years,No,,N/A
10703,S,Yes,深耕精密製造，仍然,more_than_5_years,No,,N/A
10704,S,Yes,組成上，全面考量公,more_than_5_years,No,,N/A
10705,S,Yes,組織統計，發展遲緩,more_than_5_years,No,,N/A
10706,S,Yes,的動盪，衝擊著能源,more_than_5_years,No,,N/A
10707,S,Yes,變遷，再進一步於 2022,more_than_5_years,No,,N/A
10708,S,Yes,邦慈善基金會，擴大,more_than_5_years,No,,N/A
10709,S,Yes,提供產品廣泛應用於,more_than_5_years,No,,N/A
10710,S,Yes,永續發展各項專案能,more_than_5_years,No,,N/A
10711,S,Yes,概念落實於金融核心,more_than_5_years,No,,N/A
10712,S,Yes,衝突礦產管理聲明，,more_than_5_years,No,,N/A
10713,S,Yes,科技國際策略發展所,more_than_5_years,No,,N/A
10714,S,Yes,齡族群，提前防範未,more_than_5_years,No,,N/A
10715,S,Yes,組織架構係以董事會,more_than_5_years,No,,N/A
10716,S,Yes,同仁的孕期、產後及,more_than_5_years,No,,N/A
10717,S,Yes,除了定期辦理年度消,more_than_5_years,No,,N/A
10718,S,Yes,成員共計 12 名，包含,more_than_5_years,No,,N/A
10719,S,Yes,同於產品生產，它以,more_than_5_years,No,,N/A
10720,S,Yes,低半導體設計學用落,more_than_5_years,No,,N/A
10721,S,Yes,排．里程碑    **管理,more_than_5_years,No,,N/A
10722,S,Yes,多個面向，包含風險,more_than_5_years,No,,N/A
10723,S,Yes,台灣與中國大陸據點,more_than_5_years,No,,N/A
10724,S,Yes,國內外重要營運據點,more_than_5_years,No,,N/A
10725,S,Yes,以統一超商股份有限,more_than_5_years,No,,N/A
10726,S,Yes,盡的道路，卓越是沒,more_than_5_years,No,,N/A
10727,S,Yes,會至少每季召開 1 次,more_than_5_years,No,,N/A
10728,S,Yes,不定期參與客戶或資,more_than_5_years,No,,N/A
10729,S,Yes,在蹲點期間的投入，,more_than_5_years,No,,N/A
10730,S,Yes,在乎你的在乎」為企,more_than_5_years,No,,N/A
10731,S,Yes,致力於吸引與留住優,more_than_5_years,No,,N/A
10732,S,Yes,教育訓練宣導及社交,more_than_5_years,No,,N/A
10733,S,Yes,務 疾病控制服務 | 大,more_than_5_years,No,,N/A
10734,S,Yes,億7500萬元於社會回饋,more_than_5_years,No,,N/A
10735,S,Yes,產業的擴增，2024 年,more_than_5_years,No,,N/A
10736,S,Yes,聲音，秉持以客戶為,more_than_5_years,No,,N/A
10737,S,Yes,水源之用水策略，並,more_than_5_years,No,,N/A
10738,S,Yes,升客戶滿意度為己任,more_than_5_years,No,,N/A
10739,S,Yes,指個人在日常生活中,more_than_5_years,No,,N/A
10740,S,Yes,及生物多樣性發展策,more_than_5_years,No,,N/A
10741,S,Yes,務管理」系統自動化,more_than_5_years,No,,N/A
10742,S,Yes,融責任投資與授信部,more_than_5_years,No,,N/A
10743,S,Yes,減碳行動的先驅，聯,more_than_5_years,No,,N/A
10744,S,Yes,建置「SOC 主動式資安,more_than_5_years,No,,N/A
10745,S,Yes,控集團客戶更好的金,more_than_5_years,No,,N/A
10746,S,Yes,1 月 1 日至 2024 年 12,more_than_5_years,No,,N/A
10747,S,Yes,感（如 H1N1、H3N2,more_than_5_years,No,,N/A
10748,S,Yes,質管理系統進行客戶,more_than_5_years,No,,N/A
10749,S,Yes,工作，幸福生活」為,more_than_5_years,No,,N/A
10750,S,Yes,數位化以及大量數據,more_than_5_years,No,,N/A
10751,S,Yes,礙者取得申貸服務的,more_than_5_years,No,,N/A
10752,S,Yes,金控響應國家永續政,more_than_5_years,No,,N/A
10753,S,Yes,造金融業全方位正向,more_than_5_years,No,,N/A
10754,S,Yes,風險事件    地緣政治引,more_than_5_years,No,,N/A
10755,S,Yes,導入多項 ISO 國際標準,more_than_5_years,No,,N/A
10756,S,Yes,應商合作檢視並解決,more_than_5_years,No,,N/A
10757,S,Yes,發展策略，致力提升,more_than_5_years,No,,N/A
10758,S,Yes,任係依照臺灣證券交,more_than_5_years,No,,N/A
10759,S,Yes,提供專業 ASIC 設計及,more_than_5_years,No,,N/A
10760,S,Yes,在臺協會、經濟部中,more_than_5_years,No,,N/A
10761,S,Yes,以驅動集團加速成長,more_than_5_years,No,,N/A
10762,S,Yes,信託業務、全權委託,more_than_5_years,No,,N/A
10763,S,Yes,嚴格遵循當地法規與,more_than_5_years,No,,N/A
10764,S,Yes,控管:已請業務單位,more_than_5_years,No,,N/A
10765,S,Yes,造的跨世代永續產品,more_than_5_years,No,,N/A
10766,S,Yes,台灣大哥大永續論壇,more_than_5_years,No,,N/A
10767,S,Yes,性別平權，董事會中,more_than_5_years,No,,N/A
10768,S,Yes,戶需求為導向，持續,more_than_5_years,No,,N/A
10769,S,Yes,科技大學、樹德科技,more_than_5_years,No,,N/A
10770,S,Yes,候風險地圖，關注具,more_than_5_years,No,,N/A
10771,S,Yes,《金融控股公司法》,more_than_5_years,No,,N/A
10772,S,Yes,」是全球共同的願景,more_than_5_years,No,,N/A
10773,S,Yes,帶來的全球性挑戰，,more_than_5_years,No,,N/A
10774,S,Yes,期永續目標的核心，,more_than_5_years,No,,N/A
10775,S,Yes,報導期間為 2024 年 1,more_than_5_years,No,,N/A
10776,S,Yes,督與指導的角色，針,more_than_5_years,No,,N/A
10777,S,Yes,動能，開發潛力航點,more_than_5_years,No,,N/A
10778,S,Yes,策略鎖定台日減碳綠,more_than_5_years,No,,N/A
10779,S,Yes,動 ESG 6 Pillar 進行,more_than_5_years,No,,N/A
10780,S,Yes,需功率相當於四家超,more_than_5_years,No,,N/A
10781,S,Yes,庫銀行與臺北市政府,more_than_5_years,No,,N/A
10782,S,Yes,會環境變遷，協助偏,more_than_5_years,No,,N/A
10783,S,Yes,融資部位對氣候變遷,more_than_5_years,No,,N/A
10784,S,Yes,年 3 月推出業界首創,more_than_5_years,No,,N/A
10785,S,Yes,工死亡事件，統計全,more_than_5_years,No,,N/A
10786,S,Yes,知永續的經營來自與,more_than_5_years,No,,N/A
10787,S,Yes,年捐助成立「財團法,more_than_5_years,No,,N/A
10788,S,Yes,作坊初步辨識，並透,more_than_5_years,No,,N/A
10789,S,Yes,有行舍取得綠建築標,more_than_5_years,No,,N/A
10790,S,Yes,2. 氣候自然法規趨,more_than_5_years,No,,N/A
10791,S,Yes,應在重大永續性議題,more_than_5_years,No,,N/A
10792,S,Yes,險管理方式，由風險,more_than_5_years,No,,N/A
10793,S,Yes,節前後舉行「萬海 ES,more_than_5_years,No,,N/A
10794,S,Yes,略上，研華採取 節能,more_than_5_years,No,,N/A
10795,S,Yes,維落實至日常營運及,more_than_5_years,No,,N/A
10796,S,Yes,是因營業活動及財務,more_than_5_years,No,,N/A
10797,S,Yes,育，增加學生實務工,more_than_5_years,No,,N/A
10798,S,Yes,遵循公司治理制度相,more_than_5_years,No,,N/A
10799,S,Yes,系外籍員工克服語言,more_than_5_years,No,,N/A
10800,S,Yes,審查會議推動各項資,more_than_5_years,No,,N/A
10801,S,Yes,安德烈慈善協會新台,more_than_5_years,No,,N/A
10802,S,Yes,環境，金融業需要專,more_than_5_years,No,,N/A
10803,S,Yes,經營的原則，堅守「,more_than_5_years,No,,N/A
10804,S,Yes,邦科技在中國深圳的,more_than_5_years,No,,N/A
10805,S,Yes,將建置16.6MWh儲,more_than_5_years,No,,N/A
10806,S,Yes,康組合~月月健康配,more_than_5_years,No,,N/A
10807,S,Yes,各項例行查核作業時,more_than_5_years,No,,N/A
10808,S,Yes,會自2013年起推動《設,more_than_5_years,No,,N/A
10809,S,Yes,廢棄物皆被合法且有,more_than_5_years,No,,N/A
10810,S,Yes,鄉的迫切需求，協助,more_than_5_years,No,,N/A
10811,S,Yes,遷與低碳市場轉型下,more_than_5_years,No,,N/A
10812,S,Yes,廣達首次擴大涵蓋集,more_than_5_years,No,,N/A
10813,S,Yes,司績效獎金之督導管,more_than_5_years,No,,N/A
10814,S,Yes,發展協會成立於 2018 年,more_than_5_years,No,,N/A
10815,E,Yes,為基準年，訂定溫室,more_than_5_years,No,,N/A
10816,E,Yes,發電裝置於各大廠區,more_than_5_years,No,,N/A
10817,S,Yes,職業安全衛生管理系,more_than_5_years,No,,N/A
10818,S,Yes,位行員金融專業能力,more_than_5_years,No,,N/A
10819,S,Yes,諾碳排包含範疇一及,more_than_5_years,No,,N/A
10820,S,Yes,永續供應鏈，除遵守,more_than_5_years,No,,N/A
10821,S,Yes,興起，利害關係人包,more_than_5_years,No,,N/A
10822,S,Yes,室氣體盤查制度及環,more_than_5_years,No,,N/A
10823,S,Yes,與消費者之間的信任,more_than_5_years,No,,N/A
10824,S,Yes,害關係人有效溝通並,more_than_5_years,No,,N/A
10825,S,Yes,被動元件產業的領導,more_than_5_years,No,,N/A
10826,S,Yes,論壇 2025 全球風險報告,more_than_5_years,No,,N/A
10827,S,Yes,期間捐書人數 39 位，,more_than_5_years,No,,N/A
10828,S,Yes,率、精進製程品質與,more_than_5_years,No,,N/A
10829,S,Yes,優秀球員代表國家爭,more_than_5_years,No,,N/A
10830,S,Yes,仁及主管職員進行誠,more_than_5_years,No,,N/A
10831,S,Yes,爭的汽車市場，和泰,more_than_5_years,No,,N/A
10832,S,Yes,續推動製程改善、循,more_than_5_years,No,,N/A
10833,S,Yes,致力於社會各階層和,more_than_5_years,No,,N/A
10834,E,Yes,各項節能措施精進廠,more_than_5_years,No,,N/A
10835,S,Yes,戶深入溝通、緊密合,more_than_5_years,No,,N/A
10836,S,Yes,產基地臺中廠，位於,more_than_5_years,No,,N/A
10837,S,Yes,於推廣海運業之文化,more_than_5_years,No,,N/A
10838,S,Yes,務處統籌負責例行稅,more_than_5_years,No,,N/A
10839,S,Yes,工職業健康，將特殊,more_than_5_years,No,,N/A
10840,S,Yes,展目標 ( SDGs )    辦理,more_than_5_years,No,,N/A
10841,S,Yes,展整體行銷，中華電,more_than_5_years,No,,N/A
10842,S,Yes,政府選為「公正轉型,more_than_5_years,No,,N/A
10843,S,Yes,書所記錄之極危、瀕,more_than_5_years,No,,N/A
10844,S,Yes,立以來，始終秉持創,more_than_5_years,No,,N/A
10845,S,Yes,通安全自我監督的機,more_than_5_years,No,,N/A
10846,S,Yes,灣成立「工安幹事」,more_than_5_years,No,,N/A
10847,S,Yes,包括但不限於導入新,more_than_5_years,No,,N/A
10848,S,Yes,教育訓練員工完訓超,more_than_5_years,No,,N/A
10849,S,Yes,進文化與教育發展為,more_than_5_years,No,,N/A
10850,S,Yes,日，鴻海科技集團在,more_than_5_years,No,,N/A
10851,S,Yes,遵循各營運地區稅務,more_than_5_years,No,,N/A
10852,S,Yes,自 2023 年響應韓國政,more_than_5_years,No,,N/A
10853,S,Yes,全球領先的 ASIC 設計,more_than_5_years,No,,N/A
10854,S,Yes,打造一個多元與包容,more_than_5_years,No,,N/A
10855,S,Yes,關鍵優秀人才，以達,more_than_5_years,No,,N/A
10856,S,Yes,性別及非性別騷擾皆,more_than_5_years,No,,N/A
10857,S,Yes,友為中心，致力增進,more_than_5_years,No,,N/A
10858,S,Yes,度統計範疇包含總部,more_than_5_years,No,,N/A
10859,S,Yes,性分析流程鑑別出 10,more_than_5_years,No,,N/A
10860,S,Yes,考量以下觀點來確認,more_than_5_years,No,,N/A
10861,S,Yes,因執行職務可能遭遇,more_than_5_years,No,,N/A
10862,S,Yes,建設-盤查與減碳推,more_than_5_years,No,,N/A
10863,S,Yes,內控制度有效性。 |,more_than_5_years,No,,N/A
10864,S,Yes,安全舒適的工作環境,more_than_5_years,No,,N/A
10865,S,Yes,展的企業，大立光永,more_than_5_years,No,,N/A
10866,S,Yes,義與議合目的：  維持,more_than_5_years,No,,N/A
10867,S,Yes,業公民策略由永續委,more_than_5_years,No,,N/A
10868,S,Yes,企業永續發展議題的,more_than_5_years,No,,N/A
10869,S,Yes,司整體發展的核心重,more_than_5_years,No,,N/A
10870,S,Yes,銀行 2024 年發布之《,more_than_5_years,No,,N/A
10871,S,Yes,應商的合作與成長，,more_than_5_years,No,,N/A
10872,S,Yes,司競爭力與員工專業,more_than_5_years,No,,N/A
10873,S,Yes,未來能藉由持續推動,more_than_5_years,No,,N/A
10874,S,Yes,供應商為夥伴，引導,more_than_5_years,No,,N/A
10875,S,Yes,廠區的供水來源 100%,more_than_5_years,No,,N/A
10876,S,Yes,001，對公司的用水量,more_than_5_years,No,,N/A
10877,S,Yes,業維持穩定運營和提,more_than_5_years,No,,N/A
10878,S,Yes,候變遷危機，全球政,more_than_5_years,No,,N/A
10879,S,Yes,戶行動繳費管道，繳,more_than_5_years,No,,N/A
10880,S,Yes,ISO 9001建立了全面的,more_than_5_years,No,,N/A
10881,S,Yes,業風險管理機制 (Enter,more_than_5_years,No,,N/A
10882,S,Yes,機制，鼓勵同仁積極,more_than_5_years,No,,N/A
10883,S,Yes,氣候變遷所帶來挑戰,more_than_5_years,No,,N/A
10884,S,Yes,年起每年舉辦安全週,more_than_5_years,No,,N/A
10885,S,Yes,應用於兩相浸沒式水,more_than_5_years,No,,N/A
10886,S,Yes,循法令、深化公司治,more_than_5_years,No,,N/A
10887,S,Yes,國際驗證公司」(AF,more_than_5_years,No,,N/A
10888,S,Yes,部訂定所發布的「食,more_than_5_years,No,,N/A
10889,S,Yes,會各小組每年蒐集利,more_than_5_years,No,,N/A
10890,S,Yes,品製造過程，可能產,more_than_5_years,No,,N/A
10891,S,Yes,關風險管理指引 ( 如,more_than_5_years,No,,N/A
10892,S,Yes,遵循以下稅務管理方,more_than_5_years,No,,N/A
10893,S,Yes,壽誠信經營守則」及,more_than_5_years,No,,N/A
10894,S,Yes,年度發行非財務資訊,more_than_5_years,No,,N/A
10895,S,Yes,面，因應全球減碳趨,more_than_5_years,No,,N/A
10896,S,Yes,研發的核心技術，結,more_than_5_years,No,,N/A
10897,S,Yes,費影響，為符合法規,more_than_5_years,No,,N/A
10898,S,Yes,個人金融服務的業務,more_than_5_years,No,,N/A
10899,S,Yes,各地員工符合當地法,more_than_5_years,No,,N/A
10900,S,Yes,外部專家與金控內部,more_than_5_years,No,,N/A
10901,S,Yes,年起每年持續與臺灣,more_than_5_years,No,,N/A
10902,S,Yes,問卷鑑別出供應鏈於,more_than_5_years,No,,N/A
10903,S,Yes,在營養與保健領域的,more_than_5_years,No,,N/A
10904,S,Yes,供應鏈之管理，以確,more_than_5_years,No,,N/A
10905,S,Yes,、有目標、有方法的,more_than_5_years,No,,N/A
10906,S,Yes,之安全維護及業務終,more_than_5_years,No,,N/A
10907,S,Yes,動多元聘用專案，辦,more_than_5_years,No,,N/A
10908,S,Yes,時報邀請諸多產學界,more_than_5_years,No,,N/A
10909,S,Yes,著「服務社會」的宗,more_than_5_years,No,,N/A
10910,S,Yes,法令遵循室，掌管臺,more_than_5_years,No,,N/A
10911,S,Yes,年啟動「供應鏈減碳,more_than_5_years,No,,N/A
10912,S,Yes,行為日益複雜化，研,more_than_5_years,No,,N/A
10913,S,Yes,害關係人議合政策，,more_than_5_years,No,,N/A
10914,E,Yes,波)  空氣污染物自主,more_than_5_years,No,,N/A
10915,S,Yes,於董事會之永續經營,more_than_5_years,No,,N/A
10916,E,Yes,啟動，規劃將既有燃,more_than_5_years,No,,N/A
10917,S,Yes,有主要產品進行客戶,more_than_5_years,No,,N/A
10918,S,Yes,專業人才占比高，習,more_than_5_years,No,,N/A
10919,S,Yes,工接受系統性訓練，,more_than_5_years,No,,N/A
10920,S,Yes,年基於環境部要求，,more_than_5_years,No,,N/A
10921,S,Yes,地球上可再生與不可,more_than_5_years,No,,N/A
10922,S,Yes,雲端伺服器與網通、,more_than_5_years,No,,N/A
10923,S,Yes,會正向影響力，以積,more_than_5_years,No,,N/A
10924,S,Yes,"與,由光寶科技及光",more_than_5_years,No,,N/A
10925,S,Yes,重程度：依財產損失,more_than_5_years,No,,N/A
10926,S,Yes,兩場，協助供應鏈之,more_than_5_years,No,,N/A
10927,S,Yes,然系統發生變化已成,more_than_5_years,No,,N/A
10928,S,Yes,職場友善環境，緯創,more_than_5_years,No,,N/A
10929,S,Yes,產假58日(優於法令,more_than_5_years,No,,N/A
10930,S,Yes,統計範圍為臺灣自有,more_than_5_years,No,,N/A
10931,S,Yes,擊程度：  鑑別藥華醫,more_than_5_years,No,,N/A
10932,S,Yes,礎減量目標倡議組織,more_than_5_years,No,,N/A
10933,S,Yes,TOYOTA 豐田汽車代理商，,more_than_5_years,No,,N/A
10934,S,Yes,華醫藥臺灣總部(臺,more_than_5_years,No,,N/A
10935,S,Yes,積極管理門市能源使,more_than_5_years,No,,N/A
10936,S,Yes,面，遠傳電信依據《,more_than_5_years,No,,N/A
10937,S,Yes,超高齡社會，為協助,more_than_5_years,No,,N/A
10938,S,Yes,汽車在台總代理，和,more_than_5_years,No,,N/A
10939,S,Yes,豐銀行文教基金會長,more_than_5_years,No,,N/A
10940,S,Yes,明之企業文化及促進,more_than_5_years,No,,N/A
10941,S,Yes,廠外其他廠區有將部,more_than_5_years,No,,N/A
10942,S,Yes,荒野保護協會等官方,more_than_5_years,No,,N/A
10943,S,Yes,(如員工為撫育未滿,more_than_5_years,No,,N/A
10944,S,Yes,會自 2010 年成立以來，,more_than_5_years,No,,N/A
10945,S,Yes,依循 GRI 永續性報導,more_than_5_years,No,,N/A
10946,S,Yes,界 6 種琵鷺屬中最瀕,more_than_5_years,No,,N/A
10947,S,Yes,零事故、零傷害」為,more_than_5_years,No,,N/A
10948,S,Yes,證券交易所金融監督,more_than_5_years,No,,N/A
10949,S,Yes,64-1 國際標準進行,more_than_5_years,No,,N/A
10950,S,Yes,產品開發，以建立內,more_than_5_years,No,,N/A
10951,S,Yes,立以來，秉持「挑戰,more_than_5_years,No,,N/A
10952,S,Yes,3年6月加入「碳核,more_than_5_years,No,,N/A
10953,S,Yes,，做成本公司新興風,more_than_5_years,No,,N/A
10954,E,Yes,2023再度通過SBTi之,more_than_5_years,No,,N/A
10955,S,Yes,委託研究機構之藥品,more_than_5_years,No,,N/A
10956,S,Yes,訊產品開發所帶動的,more_than_5_years,No,,N/A
10957,S,Yes,鄉學童，社福會特別,more_than_5_years,No,,N/A
10958,S,Yes,制洗錢及打擊資恐 (,more_than_5_years,No,,N/A
10959,S,Yes,使用氫氣來維持光源,more_than_5_years,No,,N/A
10960,S,Yes,據辨識風險與機會的,more_than_5_years,No,,N/A
10961,S,Yes,規畫碳費每噸 300 元。,more_than_5_years,No,,N/A
10962,S,Yes,害鑑別小組，針對單,more_than_5_years,No,,N/A
10963,S,Yes,訊安全運作，爰依據,more_than_5_years,No,,N/A
10964,S,Yes,訂定《檢舉案件處理,more_than_5_years,No,,N/A
10965,S,Yes,RBA 的勞工、健康與,more_than_5_years,No,,N/A
10966,S,Yes,種主要資訊系統重大,more_than_5_years,No,,N/A
10967,S,Yes,手醫療財團法人台灣,more_than_5_years,No,,N/A
10968,S,Yes,以夾、捲、切割傷為,more_than_5_years,No,,N/A
10969,S,Yes,府單位、國內外資安,more_than_5_years,No,,N/A
10970,E,Yes,10%，年度節水方案,more_than_5_years,No,,N/A
10971,S,Yes,資的評估與審核流程,more_than_5_years,No,,N/A
10972,S,Yes,人才轉變、人力招募,more_than_5_years,No,,N/A
10973,S,Yes,S 新機 VOC-3 上線,more_than_5_years,No,,N/A
10974,S,Yes,司優於法規規定下，,more_than_5_years,No,,N/A
10975,S,Yes,管機關重要政策方向,more_than_5_years,No,,N/A
10976,S,Yes,以「公平待客」為核,more_than_5_years,No,,N/A
10977,S,Yes,畫含聯電集團全公司,more_than_5_years,No,,N/A
10978,S,Yes,紅十字會進行捐血活,more_than_5_years,No,,N/A
10979,S,Yes,合國永續發展目標 (,more_than_5_years,No,,N/A
10980,S,Yes,4 a.以焦耳為單位,more_than_5_years,No,,N/A
10981,S,Yes,過 SBT 目標後設立 SB,more_than_5_years,No,,N/A
10982,S,Yes,照「金融控股公司法,more_than_5_years,No,,N/A
10983,S,Yes,管道及非檢舉管道受,more_than_5_years,No,,N/A
10984,S,Yes,險與機會後，依據衝,more_than_5_years,No,,N/A
10985,S,Yes,金管會指定為「永續,more_than_5_years,No,,N/A
10986,S,Yes,果的代表性與準確性,more_than_5_years,No,,N/A
10987,S,Yes,策之執行及有效性，,more_than_5_years,No,,N/A
10988,S,Yes,與農業部林業及自然,more_than_5_years,No,,N/A
10989,S,Yes,：2030 年減碳 50%，2050,more_than_5_years,No,,N/A
10990,S,Yes,益數位平台：以穩定,more_than_5_years,No,,N/A
10991,S,Yes,@、M+ 企業即時通,more_than_5_years,No,,N/A
10992,S,Yes,小組與 2 個推動小組,more_than_5_years,No,,N/A
10993,S,Yes,動法規及訂定外籍勞,more_than_5_years,No,,N/A
10994,S,Yes,認到半導體產業及電,more_than_5_years,No,,N/A
10995,S,Yes,《隱私權保護政策》,more_than_5_years,No,,N/A
10996,S,Yes,維護不僅保障客戶與,more_than_5_years,No,,N/A
10997,S,Yes,作，應遵循企業永續,more_than_5_years,No,,N/A
10998,S,Yes,辦松年大學信託宣導,more_than_5_years,No,,N/A
10999,S,Yes,多元與包容的人才策,more_than_5_years,No,,N/A
11000,S,Yes,作，定期以會議／問,more_than_5_years,No,,N/A
